Text,Language
Tom já comeu?,Portuguese
Quantos amigos você tem?,Portuguese
Existe alguma chance de você voltar para Quioto este ano?,Portuguese
"A gramática inteira do Esperanto a possuis, e o teu cabedal de conhecimentos, já neste momento, é não pequeno, mas, é claro, precisa de crescer.",Portuguese
Eu acho que isso vai cobrir todas as despesas do Tom.,Portuguese
He makes a mountain out of a molehill.,English
Mary drinks milk.,English
I don't think that Tom knows where he is.,English
This website isn't your personal playground.,English
"After she had read the letter, she tore it to pieces.",English
"आई, माझा रुमाल कुठेय?",Marathi
मला तुझी खूप आठवण येईल.,Marathi
टॉमची मदत करूया.,Marathi
"ते ज्या सकाळी जन्माला आले, त्या सकाळी मुसळधार बर्फ पडलेला.",Marathi
तिचा बॉयफ्रेंड मूर्ख आहे.,Marathi
Sono orgoglioso di essere italiano.,Italian
Che bel giardino che avete!,Italian
Non vai a costruire università in Islanda?,Italian
Ho dovuto aiutarle.,Italian
Chiedete a Trang se esce stasera.,Italian
Твоя мечта в скором времени исполнится.,Russian
Из-за внезапной болезни он отменил заграничную поездку.,Russian
"Я помню, что была среда.",Russian
"Попросите, пожалуйста, официантку принести мне соломинку.",Russian
Будь добр.,Russian
Nesri asegzawal n thawayit?,Berber languages
Tom ad yemlil d Mary ssya ɣef tlata n yisragen.,Berber languages
Ɛli d Dehbeyya ur llin ara srin ad d-aɣen apyanu.,Berber languages
Ad d-sɣen amsukki akellax.,Berber languages
Ur iyi-d-yuzen ara tabrat i ttrajuɣ.,Berber languages
우울해.,Korean
"톰은 아직도 살아있을까? – ""뭔 소리야, 그 사람은 죽은 지 이미 십 년도 넘었거든.""",Korean
너 천재구나.,Korean
제발 멈춰.,Korean
"너와 이야기 하는 것은 정말 좋았는데, 근데 진짜 가봐야 해.",Korean
רק מלאתי את תפקידי.,Hebrew
כבר ביקרת בברלין.,Hebrew
תשעים ותשע תמיד מצחיק אותי.,Hebrew
טום אומר שהוא יכול לקרוא ספר צרפתי.,Hebrew
נא למחוק את המשפט הזה.,Hebrew
Што би можел да направи Том?,Macedonian
Не можам да се расплеткам.,Macedonian
Се прашувам каде ли е Том во моментов.,Macedonian
Том има голема уста.,Macedonian
Тој погледна десно па лево.,Macedonian
Buanoc'h !,Breton
Divizomp 'ta!,Breton
"En e bark, o labourat, daoubleget, en gweloc'h.",Breton
Ma mamm ez a gwelloc'h ganti.,Breton
Dañsal a blij d'am c'hoar.,Breton
D nettat i asen-ten-id-yextaṛen.,Kabyle
Nteddu akken iteddu lḥal.,Kabyle
Nteqqel ɣer Buxlifa.,Kabyle
Ur terzim ara ɣer Ticci.,Kabyle
Ad as-d-awiɣ ayekfi.,Kabyle
你是我最好的朋友。,Mandarin Chinese
你的新商店什么时候开张？,Mandarin Chinese
她的頭髮中夾有白髮。,Mandarin Chinese
我迷路的时候，我就在河边。,Mandarin Chinese
太郎說英語，不是嗎？,Mandarin Chinese
Tomo faris aliajn stultaxojn.,Esperanto
Doloras al mi ĉi tiu dento.,Esperanto
Tiu malnova konstruaĵo finfine falegis.,Esperanto
Afero bone enkondukita estas duone finfarita.,Esperanto
Mi vidis Tomon kisi Manjon.,Esperanto
"La pelouse tondue de près séduit un peuple qui a tendance, par ses origines, à trouver du plaisir dans la contemplation d'un pâturage bien entretenu.",French
J'ai allumé la lumière.,French
On se fera un bon gueuleton à midi.,French
Il me faut savoir pourquoi tu es ici.,French
Pourquoi y étiez-vous ?,French
Önümüzdeki yıl.,Turkish
Bu deyişi seviyorum.,Turkish
Jesti takdir ediyorum ama yeterli değil.,Turkish
Tom ayıracak zamanı olmadığını biliyordu.,Turkish
"Hırsız, köpek havlamasını duyunca topukladı.",Turkish
"Nejsem si jist, kde bydlíš.",Czech
Proč chcete jet do Německa?,Czech
Auto nabouralo do náklaďáku.,Czech
Má dvě tužky. Jednu dlouhou a druhou krátkou.,Czech
"Bůh stvořil kočky, aby si lidé mohli pohladit tygra.",Czech
"Hvad mener I, piger?",Danish
Jeg elsker chips.,Danish
Er du forberedt på det værste?,Danish
Hun holdt en paraply.,Danish
Herrer først.,Danish
Я кашляв кров'ю.,Ukrainian
"Мері вже зробила те, що мала зробити.",Ukrainian
Ти вегетаріанець чи веган?,Ukrainian
Я вступив на службу до флоту.,Ukrainian
Я часто ходжу на рибалку.,Ukrainian
君たちのうち誰かが嘘をついてる。,Japanese
私は最後のチャンスを待ち構えた。,Japanese
彼のおじいさんは１年前に、ガンで亡くなった。,Japanese
昨日どこかで鍵をなくした。,Japanese
特大のグリーンのセーターを探してるんだけど。,Japanese
Υπάρχει γιατρειά.,Modern Greek (1453-)
Ο Τομ είναι γρήγορος οδηγός.,Modern Greek (1453-)
Ο πατέρας δεν τρώει γλυκό.,Modern Greek (1453-)
Αγαπιόσαστε πολύ;,Modern Greek (1453-)
Πόσα βιβλία έχεις περίπου;,Modern Greek (1453-)
Der Atem meiner Katze riecht nach Katzenfutter.,German
Drei Menschen wurden nach der Überschwemmung vermisst.,German
Tom spricht nie viel.,German
Tom braucht nicht lange unter der Dusche.,German
Möchten Sie jetzt essen?,German
Przez deszcz nie mogliśmy grać w tenisa na dworze.,Polish
"Dlaczego zjadł ciastko? - Zjadł ciastko, bo ono podobało mu się.",Polish
Pierwszy spacer w przestrzeni kosmicznej trwał 10 minut.,Polish
Moje auto musi być naprawione w parę dni,Polish
Otrzymał wiele braw.,Polish
Mi ez? Ez egy bolt.,Hungarian
Mindig késik az iskolából.,Hungarian
Éppen a szobámat takarítom.,Hungarian
Mindenről beszélnem kellett volna Tommal.,Hungarian
Az egész ország erről beszél.,Hungarian
¡Estoy trabajando!,Spanish
¿Cuándo ocurrió eso?,Spanish
¿Quiere usted otra taza de té?,Spanish
Sólo quiero darte las gracias.,Spanish
El trabajo de mi hermano consiste en enseñar el español.,Spanish
دەبوایە بۆ منتان بەجێ بهێشتایە.,Central Kurdish
تۆ یاریدەدەری نوێی منیت.,Central Kurdish
پێویستە پارێزەرێک بۆ خۆم بگرم,Central Kurdish
ئێستا لەکوێین؟,Central Kurdish
سێ ڕێی جیاوازم جەڕباندووە.,Central Kurdish
Tom a debarasat masa.,Romanian
Nu mai merită.,Romanian
Nimănui nu-i place de Tom.,Romanian
Nu am atât de multe abilități.,Romanian
Nu mă pot concentra dacă mă tot bați pe umăr.,Romanian
هي تكذب.,Arabic
مات سامي لوحده.,Arabic
سامي يدعم ليلى.,Arabic
توم في البيت.,Arabic
هذا الجهاز يولد الكهرباء.,Arabic
Avatkaa tuli!,Finnish
Tomi on raskasmielinen.,Finnish
Kiinnittäkää sen huomio!,Finnish
Lähes neljännes italialaisista on yli 65-vuotiaita.,Finnish
En ole ylpeä tyttärestäni.,Finnish
Spelen jullie voetbal?,Dutch
Hij werd beroemd.,Dutch
Tom heeft Maria verlaten.,Dutch
Zij kwamen samen.,Dutch
"Aan de kant, graag!",Dutch
Feles vidit murem et cucurrit post eum.,Latin
Centum est magnus numerus.,Latin
Ubi familia eius est?,Latin
De temporibus futuris locuti eramus.,Latin
Hic puer frater eius est.,Latin
Le cultura grec ha permeate le cultura latin.,Interlingua (International Auxiliary Language Association)
Io habeva le commando.,Interlingua (International Auxiliary Language Association)
Ego vide le mar ab le casa.,Interlingua (International Auxiliary Language Association)
Le purpuree flores se trova in le blau vaso grande.,Interlingua (International Auxiliary Language Association)
Io simplemente non pote comprender vos!,Interlingua (International Auxiliary Language Association)
ทอมยังไม่พร้อม,Thai
มันมีความหมายมาก,Thai
ทำไมคุณไม่กลับบ้านล่ะ,Thai
ทอมไม่ได้พูดอะไรได้แต่ยิ้ม,Thai
ทอมไม่รู้ว่าแมรี่ต้องการซื้ออะไร,Thai
Sme zvedaví.,Slovak
Odbočte doľava.,Slovak
Môj otec často varí.,Slovak
Jedzte!,Slovak
Obaja ste na omyle.,Slovak
Agir gûr dibe.,Northern Kurdish
Navê bavê min Şîno ye.,Northern Kurdish
Hûn ava dikin.,Northern Kurdish
Ew qirêj dixuye.,Northern Kurdish
Wî avêt.,Northern Kurdish
Gandai jau paplito.,Lithuanian
Jis visada realizuoja savo planus.,Lithuanian
"Man neatrodo, kad tai svarbu.",Lithuanian
"Panašu, kad Tomui viskas gerai.",Lithuanian
Tomas atrodo doras žmogus.,Lithuanian
o pana e ken ni tawa mi: mi pali e pali mi. ni li pona tawa sina anu seme?,Toki Pona
jan li utala e nasin sina.,Toki Pona
jan Ton li pana e suwi pan tawa mi. taso mi wile ala.,Toki Pona
open pi tenpo suno tu kama la ale li kama ante mute.,Toki Pona
mi mute li wile jo e suno lili sewi. ni li lawa e mi mute.,Toki Pona
"Vetem nje moment ne jeten time ishte i mjaftueshe per te njohur dhe dashur juve, por gjith jeta ime nuk do te jete e mjaftueshme per te te harruar .",Albanian
Nuk mund të bësh këtë!,Albanian
Linda ka për të të vrarë.,Albanian
Unë e urrej Vegeta,Albanian
Mua më pëlqen të mësoj gjuhë.,Albanian
我覺得所有嘢都係整定嘅。,Yue Chinese
我唔會輸嘅！,Yue Chinese
你去睇咗醫生未呀？,Yue Chinese
個董事長喺公司有少少地位，就以為自己好巴閉。,Yue Chinese
我唔記得咗鎖士多房道門。,Yue Chinese
Han var den eldste av tre barn av en kjøpmann.,Norwegian Bokmål
Jeg er på ingen måte rasist.,Norwegian Bokmål
Tom sier han må vente på Maria.,Norwegian Bokmål
Det er den mannen jeg så i går.,Norwegian Bokmål
Hva skal vi finne på etter skolen?,Norwegian Bokmål
nuqDaq ghaHtaH to'nIy'e',Klingon
cha' buqmey ghaj be'.,Klingon
tamDaq qaDor.,Klingon
bIlo'laHbe'.,Klingon
bIbuDqu'.,Klingon
"Kauf niå å Aktie, wenn du drnôch ned dômid läbå kôasch, wenn sich dr Kurs halbierd.",Swabian
Tom hôd 14 kg abgnommå.,Swabian
"Was i au en d'Hand nemm, dees glengd mir au.",Swabian
"I woiß jetzt, was Menschä vo Dierä onderschaided: Finanzielle Sorgä.",Swabian
An aldr Må hôd em Park schinesisĉes Schaddaboxå gmachd.,Swabian
Нямам идея кой е той.,Bulgarian
Някога чувал ли си някой да говори на френски?,Bulgarian
Аз имам трима пораснали синове.,Bulgarian
Момчето си изцапа ръцете.,Bulgarian
Кой иска малко ядки?,Bulgarian
طوم و صحابو راهوم يلّعبو في البوكير.,Algerian Arabic
وين لازم نتلاقاو؟,Algerian Arabic
قراو كتابها.,Algerian Arabic
واش جابك لهنا؟,Algerian Arabic
انڤليزي.,Algerian Arabic
Utarid ialah planet terkecil dalam sistem suria kita.,Standard Malay
Awak percaya kepada Tuhan?,Standard Malay
كامو موڠكين تاهو دماناكه بوكو ساي.,Standard Malay
"Bilamana seseorang itu diam, bukan bermakna dia tidak tahu.",Standard Malay
Dia menulis kepada saya sekali seminggu.,Standard Malay
El fala ben o inglés.,Galician
Espero que chegue un automóbil con batería solar.,Galician
Carol regresou ao hotel.,Galician
Meu irmán vai á universidade de Kobe.,Galician
Vou farto.,Galician
Ik mag de franzöösche Köök.,Low German
Wi hebbt över jem snackt.,Low German
Kannst du mi en Koort von diene Straat teken?,Low German
In de Hotelkamer leeg en Watermeloon op ’n Disch.,Low German
Dat Ies bröök ünner dat Wicht.,Low German
Kamu tahu apa yang mereka katakan tentang Mary.,Indonesian
Kota itu memiliki banyak jalan yang lebar.,Indonesian
Dia memiliki pengetahuan yang luas tentang bidang linguistik.,Indonesian
Kau tidak akan tiba di sana tepat waktu jika kau tidak buru-buru.,Indonesian
Dia menjalani tes pemeriksaan HIV.,Indonesian
Tôi đang đợi chuyến tàu.,Vietnamese
Tôi không nhớ chính xác.,Vietnamese
Tom lo tôi bị lạc đường.,Vietnamese
Anh ấy làm mọi thứ rất nhanh.,Vietnamese
Tôi chỉ hy vọng chúng ta không quá muộn.,Vietnamese
"Esce la corpo pote sani, an si la cor es malada?",Lingua Franca Nova
Nos es orgulosa de tu.,Lingua Franca Nova
Tom ta debe sabe.,Lingua Franca Nova
Esta restorante es sempre folida.,Lingua Franca Nova
Но красе ла формикас су туа педес.,Lingua Franca Nova
lo mi kanjunla cu spofu,Lojban
lo nu snuti cu jalge lo nu ko'a narviska'e,Lojban
xu do ca da klama de fo su'o vinji,Lojban
ca ma ra xrukla lo zdani,Lojban
la .tom. pu troci lo ka nurxrugau mi,Lojban
Мин Путиннан куркам.,Tatar
Мин намуслы кеше.,Tatar
Бер дә юкка тиргәп ташладыгыз мине.,Tatar
Игелекле эшнең киче юк.,Tatar
Тыныч йокы!,Tatar
אָט דאָס איז אַ פּענאַל.,Yiddish
זי רעדט צו שנעל.,Yiddish
די טעראָריסטן האָבן אַטאַקירט אַ מעטשעט.,Yiddish
עס איז רויט.,Yiddish
זאַמענהאָף איז געווען אַן אַשכּנזער.,Yiddish
Դու ինձ շատ մտահոգ ես թվում։,Armenian
Ժամը քանիսի՞ն ժամանեցիր Լոնդոն։,Armenian
Նրանք քայլեցին կամուրջի ուղղությամբ։,Armenian
Սա ի՞նչ գույն է։,Armenian
"Մենք գիտենք, որ Թոմը դա չի անի։",Armenian
Vu ha me nequande confidet.,Interlingue
It es un francesi parol.,Interlingue
Yo presc obliviat comprar lacte.,Interlingue
Yo ne fa to.,Interlingue
Li lettre esset scrit yer.,Interlingue
See on väga suur sotsiaalne probleem.,Estonian
Minu isa jalutab igal hommikul.,Estonian
Tema ei ole rikas ega kuulus.,Estonian
Te ei kutsunud mind.,Estonian
Ükskõik kes on parem kui mitte keegi.,Estonian
ئىشتىن كىين ئەقىللىق بولماق ئاسان.,Uighur
ئاستا ھەيدە.,Uighur
ئارىمىزدا قىز يوق.,Uighur
ياخشى قىلدىڭ.,Uighur
ماڭا ماشىنا لازىم.,Uighur
Ta dale yo comé de mio gato todo'l ága y todo'l noche.,Chavacano
Tiene silá grande casa.,Chavacano
Ya abrí tu cunel puerta.,Chavacano
Ya tomá le leche.,Chavacano
Por que necesita yo andá na escuela?,Chavacano
Треба да се извините.,Serbian
Том каже да има све што му је потребно.,Serbian
Много ти хвала за ову информацију!,Serbian
Doktori mi nisu ponudili ništa drugo osim tableta za spavanje.,Serbian
Prelazak sa jednog nivoa razvoja na sledeći je često praćen uznemirenošću.,Serbian
ტომი და მერი უკვე იცნობენ ერთმანეთს.,Georgian
შენ ხარ ძალიან ხმაურიანი.,Georgian
სერიოზულად?,Georgian
ძალიან ბედნიერი ვარ ჯორჯიაში.,Georgian
მეგობრობის სადღეგრძელო დავლიოთ!,Georgian
Ayanna dagiti gagayyemtayo?,Iloko
Agsubliak met la a dagus.,Iloko
Maul-ulawak.,Iloko
Nakasagang kadagiti saan a ninamnama a lapped.,Iloko
Nasken a makasinnarakka idiay.,Iloko
شیراز شهر گل و بلبل و شعر است.,Iranian Persian
سلام. آیا شما آقای اوگاوا هستید؟,Iranian Persian
او چهار بچه برای سرپرستی دارد.,Iranian Persian
باید هوشیار بود.,Iranian Persian
من می دانم، که آن چیست.,Iranian Persian
Hur säger du det på italienska?,Swedish
Sänd fakturan till min adress.,Swedish
Var ligger den italienska ambassaden?,Swedish
Minns du första gången vi åkte till Boston tillsammans?,Swedish
Kan du skriva skrivstil?,Swedish
vad händer?,Sweedish
hur står det till?,Sweedish
du kan göra det du kan skicka toefl du kan skicka gmat du får det kom igen.,Sweedish
och du vet att den bästa delen av det var när jag var i min bröllopsklänning som var av guld också såklart alla stirrade bara på mig narcisa det finns inget fantastiskt med den drömmen.,Sweedish
"Ett meritsystemverktyg skulle kunna motivera till meningsfulla redigeringar, men kan även ge upphov till konkurrens.",Sweedish
У Фадзіля стралялі некалькі разоў.,Belarusian
Мы для гэтага застарыя.,Belarusian
Соня з Дашай зарэгістравалі шлюб у Партугаліі.,Belarusian
Я магу пазычыць гэты парасон?,Belarusian
Няхай мох пакрые маю магілу.,Belarusian
"Hə, artıq başlayıb.",Azerbaijani
Siz mənim dediyimə fikir vermirsiniz. Sizin fikriniz başqa yerdədir.,Azerbaijani
Бу лүғәтдир?,Azerbaijani
Tom mənə harada yaşadığını demədi.,Azerbaijani
Toma nəsə lazımdır.,Azerbaijani
Znajośo mě?,Lower Sorbian
Cakajśo!,Lower Sorbian
Som śi z wjelikim gólcom wiźeł.,Lower Sorbian
Toś ten wuž njejo gadojty.,Lower Sorbian
Wón jo wó swójom starstwje łdgał.,Lower Sorbian
Áttu við þetta?,Icelandic
Hvert er hitastigið?,Icelandic
Mér leiðist.,Icelandic
Þú ættir að læra að hafa hemil á sjálfum þér.,Icelandic
Það hefur hlýnað umtalsvert.,Icelandic
衢往右。,Literary Chinese
古今前後一也。,Literary Chinese
宜乎哉。,Literary Chinese
君子有三思而不可不思也：少而不學，長無能也；老而不教，死無思也；有而不施，窮無與也。,Literary Chinese
短綆不可以汲深井之泉，知不幾者不可與及聖人之言。,Literary Chinese
Espera fins al final!,Catalan
Al llit on dorm la meva xicota no fa fred.,Catalan
A la mare li agrada el fill.,Catalan
No ho he dit pas.,Catalan
Quan li va ocòrrer a ella l'accident?,Catalan
وہ میری زندگی کے سب سے غمگین لمحے تھے۔,Urdu
میرے دادا اور دادی دونوں فوت ہو چکے ہیں۔,Urdu
یہ کافی اچھا سوال ہے۔,Urdu
وہ عجائب گھر کس نے ڈیزائن کیا ہے؟,Urdu
ٹام ہیٹر ٹھیک کر سکتا ہے۔,Urdu
"W sewjerje zymy su dołhe, ale lěća - krótke.",Upper Sorbian
To su moje dźěći.,Upper Sorbian
Kak so twoja mandźelska wjedźe?,Upper Sorbian
Sym kluč zhubiła.,Upper Sorbian
Moja mać hidźi telewizu.,Upper Sorbian
侬必须马上开始。,Wu Chinese
走过去一眼！,Wu Chinese
我从此再也呒没见过伊了。,Wu Chinese
萝卜青菜，个人心爱。,Wu Chinese
侬记勿记得以前见过我？,Wu Chinese
Semi gapyny ýapmak üçin yzyna öwürildi.,Turkmen
Bu çendenaşa tiz.,Turkmen
"Tom bilen Mery gaty aç däl, şeýle dälmi?",Turkmen
Men muny düşündirerin birden düşünmeseñ.,Turkmen
Men sürmegi öwrenip ýörün.,Turkmen
እንግሊዝኛን እየተማርኩ ነው።,Amharic
እኔ ከቶክዮ ነኝ።,Amharic
በአሁኑ ወቅት ቡርጅ ከሊፋ የአለማችን ረጅሙ ሰማይ ጠቀስ ሕንጻ ነው።,Amharic
ስሜ አሕመድ ነው።,Amharic
ልጁ ይህች ቆንጆ ልጃገረድን ይወዳል።,Amharic
"Ekserî gençlerimiz gibi mektebden çıkar çıkmaz kitapları peygûle-i nisyâna atacak yerde, tevsî-i malûmata mektebden sonra başladım.",Ottoman Turkish (1500-1928)
یاڭلیش بر شیئلر اولییوردی.,Ottoman Turkish (1500-1928)
Tom'dan hassaten haz etmiyorum.,Ottoman Turkish (1500-1928)
Erkekler tenâsül uzuvları ile iftihâr eder.,Ottoman Turkish (1500-1928)
Bu infilâk-ı latîf-i esirînin müezzin-i hatifîsi sadâ yerine kâim ma'na-yı bî-hurûfuyla ezân-ı İsrafilîyi okuyordu.,Ottoman Turkish (1500-1928)
Musikolohista si Adil na Kazakh.,Tagalog
May mga parol na kulay ubeng nakabitin sa hardin.,Tagalog
May nagbukas ng pinto.,Tagalog
Malalampasan natin ito.,Tagalog
Palagay ko'y gutom ka.,Tagalog
Застѫпилъ ми пѫть.,Old Russian
Голодьнъ ли єси?,Old Russian
Вьсе бъıло красьно.,Old Russian
Изнємогли єсмъ сѧ.,Old Russian
Чєловѣкъ єсмь а ничьто жє ми чєловѣчьскоѥ нє чюжє.,Old Russian
हम सूरज के डूबने से पहले अपनी मंजिल तक पहुँच जाएँगे।,Hindi
टॉम और मैरी आपके जवाब का इंतज़ार कर रहे हैं।,Hindi
मैं मौत से डरता हूँ।,Hindi
वे छिपाएंगे।,Hindi
उसके पिताजी कौन हैं?,Hindi
Res o dhodho gortos yn gweli.,Cornish
Hi yw ow hwor.,Cornish
Yw homma agas pluven?,Cornish
Seytek bloodh yw ow howethes.,Cornish
Nyns yw da genev glanhe.,Cornish
Andifuni nto.,Xhosa
Bangaphi abantu abafunda iphephandaba?,Xhosa
Ndingutata wakho.,Xhosa
Iphi ikepusi kaJabu?,Xhosa
Ndixakeke kakhulu ukuba ndingaphendula ifowuni.,Xhosa
Hura etera itzuli zen denbora asko pasa ondoren.,Basque
Uagadugu Burkina Fasoren hiriburua da.,Basque
Umea amaren oso antzekoa da.,Basque
Hori zurea da?,Basque
Zertan ari zara lanean?,Basque
Cé leis é?,Irish
Ní stopann sé.,Irish
Chodail siad.,Irish
Is tusa cara Tomás.,Irish
Is leabhar é seo.,Irish
Кушака туп.,Chuvash
Ку мана питӗ килӗшет.,Chuvash
"Эпӗ вилӗмрен хӑрамастӑп. Вилӗм килсессен эпӗ пулмастӑп, эпӗ пулнӑ чух вара, вилӗм ҫук Эпикур тесе калатчӗ.",Chuvash
Эпир ҫынсем ҫак вӗҫӗмсӗр тӗнчере пӗччен-и?,Chuvash
Ҫак районта пурӑнатӑн и?,Chuvash
Que'vs prègui d'arrevirar aqueste tèxte japonés en francés.,Occitan (post 1500)
N'ei pas un escrivan tan bon qu'aquò e pensi qu'ac sap.,Occitan (post 1500)
Quins espòrts t'agradan ?,Occitan (post 1500)
"Anatz-i, vos prègui.",Occitan (post 1500)
Mon pair es pas a casa.,Occitan (post 1500)
Me respektas ilua decido.,Ido
Ka tu povus helpar me?,Ido
Ube esas la maxim proxim apoteko?,Ido
Tu esas belega papiliono.,Ido
"Ilu ne esis che su, tam ofte esas la kazo pri lu.",Ido
Арака шуко еҥым шолдырта.,Eastern Mari
Юмо тиде сандалыкым куд кечышкен ыштен.,Eastern Mari
"Мылам садиктак, мом тудо манын.",Eastern Mari
Мый ом кае.,Eastern Mari
Кугыжан эргыже кожлаште йомын.,Eastern Mari
Qhov no yog tsheb loj tshaj nyob lub ntiaj teb.,Hmong Daw
Kuv tuaj tim Russia tuaj.,Hmong Daw
Tus txiv neej no yog Neeg Suav.,Hmong Daw
"Yog koj tshaib plab, ces noj.",Hmong Daw
Ua koj tsaug!,Hmong Daw
Meldo.,Ladino
El Djudaismo es una relijion muy ekselente.,Ladino
Sos un buen gato.,Ladino
אייוס דיספאריסיירון.,Ladino
El Dio me kreo.,Ladino
Ne puščaj odprtih vrat.,Slovenian
Naj bo kratko in jedrnato.,Slovenian
Pogrej me.,Slovenian
"Pripravljen sem, da vam pomaga.",Slovenian
"Danes ne morem priti, jutri pa tudi ne.",Slovenian
Nde tavy.,Guarani
Nde rejavy!,Guarani
Ha'e chereja reíma.,Guarani
Peẽ pepurahéi kuri.,Guarani
"Nderasýva ramo, reho arã tasyópe.",Guarani
Кытайча үйрөнүп жатасызбы?,Kirghiz
Сага ачуу тамактар жагабы?,Kirghiz
Том барбай турганын билет.,Kirghiz
Жөн гана мени менен кал.,Kirghiz
Фотоаппаратымды тийбе.,Kirghiz
Ek gee om oor hulle.,Afrikaans
Daar is soveel wat ek vir jou wil sê.,Afrikaans
Is hy so mal dat hy dit glo?,Afrikaans
Versigtig! Pasop!,Afrikaans
Hy is lief vir aandag.,Afrikaans
Am faod mi faighneachd dè an aois a tha sibh?,Scottish Gaelic
Chan eil airgead sam bith agad.,Scottish Gaelic
Thig an t-acras na 's tric no aon-uair.,Scottish Gaelic
Carson nach eil thu ag èisteachd rium?,Scottish Gaelic
Bha Seumas cinnteach gun robh an trèan a' tighinn.,Scottish Gaelic
Бид хариуг нь хараахан мэдээгүй байна.,Mongolian
Та улс төр сонирхдог уу?,Mongolian
Аав маань надад ном авч өгсөн.,Mongolian
Би Киото явнаа.,Mongolian
Маргааш уулзатлаа баяртай.,Mongolian
Imamo dvije kćeri i dva sina.,Croatian
To je stvarno problem.,Croatian
Nešto ne valja s kočnicama.,Croatian
Već sam pokušao.,Croatian
Moj mač je moj život.,Croatian
Manakadai zou daa diau do kuukuamaon do daamin nu.,Coastal Kadazan
Doiti no tokou!,Coastal Kadazan
"Mantad di nopodsuan ku, au' zou koongou do talipaun.",Coastal Kadazan
Songkuo tinama' sumovohi ko do hamin di tapa ku kumaa do id pasar!,Coastal Kadazan
"Hei. Kavasa ko naku mokinongou do tuunizon? ""Au, soou ku do mositi no pongusapan nu--"" ""Koongou zou... di kihoogo.""",Coastal Kadazan
Jiddereen huet gelaacht.,Luxembourgish
Den Tom ass Geschäftsmann.,Luxembourgish
Dëse Mann huet mir mäi Portefeuille geklaut.,Luxembourgish
Jo.,Luxembourgish
Du bass keng Fra.,Luxembourgish
আমি তৈরি।,Bengali
এটা হতে পারে না!,Bengali
থামো না।,Bengali
আমি ভাবলাম টমের এটা ভাল লাগবে।,Bengali
আমি তোমাদের জন্য রান্না করতে চাই।,Bengali
"Natoka Brasil, wewe je?",Swahili (individual language)
Afadhali kuwa jirani wa mbuga kuliko kuwa jirani wa mwenye mdomo mrefu.,Swahili (individual language)
Nina paka.,Swahili (individual language)
"Je, una wasiwasi?",Swahili (individual language)
Unaweza kusema ukweli.,Swahili (individual language)
"claro, sem problemas.",Portugeese
com certeza vá.,Portugeese
"Por exemplo, o Meta-Wiki fornece estatísticas importantes em todas as versões da Wikipédia e mantém uma lista dos artigos essenciais, que devem constar em todas as edições do projeto.",Portugeese
"Eu não me importo se alguém está perguntando algo e esta é uma decisão muito fácil para você, como se alguém dissesse para você pegar meu 1 milhão de dólares e você dissesse que isso é um acéfalo.",Portugeese
"[187] O site de comédia CollegeHumor produziu um esboço de vídeo chamado ""Professor Wikipédia"", em que o fictício Professor Wikipédia instrui uma classe com várias declarações inverificáveis e, ocasionalmente, absurdas.",Portugeese
"Никуыдæм ма ацу иунæгæй, хорз?",Ossetian
Мæ къух сыхд уыди,Ossetian
"Æз раст дзурын , Том .",Ossetian
"Дон , табуафси.",Ossetian
Къогъотæ мæ уарзынц.,Ossetian
Koe gartonga me kenibel !,Kotava
Tí gabentaf kire batlize me tigil.,Kotava
Til tel lokiewaf.,Kotava
Me albá inde in pulvir.,Kotava
In tir oklaf kiren gadikye tiyir opikany.,Kotava
ஒரு சதுரத்திற்கு நான்கு பக்கங்கள் உள்ளன,Tamil
நீங்கள் சொல்லிக் கொண்டிருந்தீர்கள்.,Tamil
இன்றிரவு இரவு உணவிற்கு பீட்சா சாப்பிடுவது எப்படி?,Tamil
இதற்கு யோ எனக்கு உதவ முடியுமா என்று நான் யோசித்துக்கொண்டிருந்தேன்.,Tamil
அவள் யார்?,Tamil
Alaid nangku iyolo poingiyon hiti'd watas?,Kadazan Dusun
Ogumu rombituon id tawan.,Kadazan Dusun
Kaakan iti?,Kadazan Dusun
Milo' i Tom mongoi gulu?,Kadazan Dusun
Honggo tiso pogun di minongoi nu id tadau-adau diti?,Kadazan Dusun
Бидэ һархяаг түүгээбди.,Buriat
Хэ. Бү хэлэ.,Buriat
Энэ ямар шүүһэн бэ?,Buriat
Би шамда ном бэлэглэнэб.,Buriat
Би танай багшаб.,Buriat
Mípagnánu kayú?,Pampanga
Métung yang táung makí malálam a bélwán.,Pampanga
Lúpa yang asnáng kamál ing riló mu.,Pampanga
Kákawé ya i Tom.,Pampanga
Núkarín ka?,Pampanga
Al' met s'motte d'arbe à l'abri.,Picard
T'es fin biau !,Picard
"Viens min garchon, assis-te. Assis-te et repose-te.",Picard
El Walonnie ch'est un bieau païs.,Picard
J'sais qu' t'es innochint.,Picard
Átaremma i ëa han ëa · na aire esselya · aranielya na tuluva · na care indómelya cemende tambe Erumande : ámen anta síra ilaurëa massamma · Ar ámen apsene úcaremmar sív' emme apsenet tien i úcarer emmen. Álame tulya úsahtienna mal áme etelehta ulcullo : násie :,Quenya
Aiya!,Quenya
Elen siluva lúmenna omentielva.,Quenya
Massë cénatyes?,Quenya
Tulallë.,Quenya
"Binob is, o flens oba.",Volapük
Ätüvom steli nulik.,Volapük
No binob ol.,Volapük
Kafibötöp binon smalik.,Volapük
Jiblod omik en ob obinobs flens gudik.,Volapük
Wówapi kiŋ wačhíŋ.,Lakota
Thimáothi kiŋ kpáza.,Lakota
Lakȟótiyapi wówaglake.,Lakota
Wakan šni.,Lakota
Žaŋžáŋla kiŋ tákuni él úŋ šni.,Lakota
মই ভাবিছিলো আমি একেলগে খাব পাৰিলো হয়৷,Assamese
মোৰ দেউতাই তেওঁৰ কাম ভাল পায়।,Assamese
আমাৰ লৰালৰি লাগিছে।,Assamese
টমে ফৰাচী নকয়।,Assamese
চোৱাঁ!,Assamese
"സ്വർണ്ണവണ്ടി അവരുടെ അടുത്തേക്ക് കയറി വന്നു, അത് രത്നങ്ങളിലും വജ്രങ്ങളിലും പതിച്ചിരുന്നു.",Malayalam
ഒന്നിനും അവനെ സ്വാധീനിക്കാന്‍ കഴിയുകയില്ല.,Malayalam
ഞാൻ നിങ്ങളുടെ സെൽ ഫോൺ ഉപയോഗിച്ചാൽ നിങ്ങൾക്ക് പ്രശ്നമുണ്ടോ?,Malayalam
ഇത് ഒന്നുമല്ല.,Malayalam
ചെയ്യാൻ.,Malayalam
هیڅ سوک ځما اوښکی نه وینی.,Pushto
دوي ماته وویل چه ددوی توقع وه چه وي ګټو.,Pushto
ښایی چه د یو بل مخ یې هیڅ نه وی لیدلی.,Pushto
مونږ اول په رنګ روډ پرتې اتحاد کالونۍ ته لاړو ـ,Pushto
دا هغه کتاب لوی کتاب دی چه ما غوتل چی ویوایم.,Pushto
Ver í frið.,Faroese
Henda bókin er nýggj.,Faroese
Ikki nerta meg!,Faroese
Ikki arbeiða ov hart!,Faroese
Hvussu gomul ert tú?,Faroese
Ailish sia kiyo.,Choctaw
Ilʋppa̱ binili.,Choctaw
Ishko.,Choctaw
I̱kilish ish anumpoli ho̱?,Choctaw
Abʋska ish ia tuk.,Choctaw
Inanay og kadaghan ang nahibaloan tang iningles.,Cebuano
Pasagdi ko!,Cebuano
Wala siyay sala pinasubay ining ebidensiyaha.,Cebuano
Wala koy kuarta.,Cebuano
Badlungun nimo ang himabayi nimong bana.,Cebuano
Me observar fro vun fingres ke vu fumar.,Novial
Vu have un mesaje.,Novial
Me voli viva in Fransia.,Novial
Simies es inteligenti.,Novial
Li fema es grosi.,Novial
Bu masjid kim tomonidan qurilgan?,Uzbek
Ahvoli yaxshilanyapti.,Uzbek
Charchagandirsan? Tezroq uxlasangchi?,Uzbek
Chaqaloq yig'lashdan to'xtadi.,Uzbek
Kim bilan gaplashmoqchisan?,Uzbek
Ka khluit palat.,Khasi
Nga mareh ban khoit ban khiah.,Khasi
Nga artatien ba ngan lah ban jngi sha shiliang kane ka wah.,Khasi
Sngewbha pyrshang iwei.,Khasi
Bang!,Khasi
Ὁ Δίδυμος κύνα οὐκ ἔχει.,Ancient Greek (to 1453)
Ὁ Θωμᾶς μέγας ἐστίν.,Ancient Greek (to 1453)
"ἕν οἶδα, ὅτι οὐδέν οἶδα.",Ancient Greek (to 1453)
"παῦε, μὴ λέξῃς πέρᾱ.",Ancient Greek (to 1453)
Δίκαιον εὖ πρᾱ́ττοντα μεμνῆσθαι θεοῦ.,Ancient Greek (to 1453)
Бiлгiм келедi.,Kazakh
Ол кітапты күтіп ұстады.,Kazakh
Мен шет тілдерді білуге ынтықпын.,Kazakh
Бақа сисе көлге сеп.,Kazakh
Бұл сізге қиын екенін білемін.,Kazakh
Mazzi as registrītun si teinū?,Prussian
Kawīds īdis turri tūlin kalōrijans be kawīds ni?,Prussian
As wīrst immuns šin ukatēmpraisin.,Prussian
As wīrst būwuns pawīrpingi pa dessimtins minūtins.,Prussian
"Kaddan wīrst tū etdāwuns mi penningans, kawīdans assei aušaūwuns si ezze mi pirzdau mettan?",Prussian
ምስ ቆልዓ ኣይትምከር፡ ምስ ከልቢ ኣይትተሓባእ።,Tigrinya
ኣነ ተማሃሪ አየ።,Tigrinya
ልምምድ ንሰብ ውሕሉል ይገብሮ።,Tigrinya
ህዉኽ ዝብኢ ቀርኒ ይነክስ።,Tigrinya
ትማሊ ፈረስ ዓዲገ,Tigrinya
A son fruts.,Friulian
O soi un om.,Friulian
Mi clami Jack.,Friulian
Al è vueit.,Friulian
Bundì!,Friulian
Ӈылрачыко ӄыялгытыркынэтык апаӄатлы эвытлым э'мпычга.,Chukot
"Ӄэлелвынчыкук нъэлык ынӈин вальа пиӈэвытрэ нынъэӄэрэвӄинэт ванэван ымыльэты ывикит о'равэтльэн, ымы-ым ванэван ымыльоргэн о'равэтльэн.",Chukot
Турык бригадак тъэр гынниӈӈыттыльыт?,Chukot
Э'ми тургин лыгъытвъэт?,Chukot
Ынӄэйына чекгырголягты нинэтиӈуӄин рычемавъё нутэсӄын радиоактивныкэн рытчыё.,Chukot
Viņš ir mans brālis.,Standard Latvian
Klusāk!,Standard Latvian
Toms runā Japāņu valodā labāk nekā Japāņi.,Standard Latvian
Viņš nekad nav bijis ārzemēs.,Standard Latvian
"Tu zini, cik mēs esam aizņemti.",Standard Latvian
الحمار محصل صاحبه.,Egyptian Arabic
الساعة كام؟,Egyptian Arabic
ده غبي لدرجة انه مش هيخاف من حاجة خطر.,Egyptian Arabic
هي متعرفنيش.,Egyptian Arabic
أكيد!,Egyptian Arabic
ਇਹ ਕੋੲੀ ਰਾਜ਼ ਨਹੀਂ ।,Panjabi
ਸਹੀ ਨਾਪ ਲਾਜ਼ਮੀ ਹੈ.,Panjabi
"ਪਾਸਵਰਡ ""ਮਿਯੂਰੀਅਲ"" ਹੈ।",Panjabi
ਓਹ ਮੇਰੀ ਬੀਵੀ ਨੂੰ ਜਾਣਦੇ ਹਨ।,Panjabi
ਪੰਛੀ ਅਸਮਾਨ ਵਿੱਚ ਹੈ ।,Panjabi
Alarm aku tak bunyik pagi ni.,Malay (individual language)
Minggu lepas aku ada baca buku ni panjang gila.,Malay (individual language)
Kita ada peraturan yang ketat pasal tu.,Malay (individual language)
Anjing aku pandai gila.,Malay (individual language)
Tom tak payah mintak maaf.,Malay (individual language)
Wa is dêr?,Western Frisian
Jou yn it Ingelsk antwurd op de folgjende fragen.,Western Frisian
Ik ha toarst.,Western Frisian
Graach dien.,Western Frisian
Wat is Telegram?,Western Frisian
𒆉𒈦𒂊𒌆𒋛𒁲𒅔𒌆.,Sumerian
𒃻 𒌇 𒌇 𒀠 𒋤 𒌓 𒉆 𒇳𒁺 𒊏 𒀠 𒆪 𒉡,Sumerian
𒉈 𒂗 𒂼 𒈬,Sumerian
𒃻𒊮𒀀𒉈𒆸𒆸𒅅𒀊𒁀𒂊𒉈𒀝𒊏𒄠.,Sumerian
𒉡𒌒𒍪𒍪𒌦,Sumerian
"Аҙашһаң ла, ил менән аҙаш.",Bashkir
Мине барыһы ла ярата.,Bashkir
Ҡыҙымды күрҙеңме?,Bashkir
Дөрөҫ тәржемә итегеҙ.,Bashkir
Том уйнамай.,Bashkir
La idea nun ye nueva.,Asturian
Él tien un podcast.,Asturian
Cuidáu!,Asturian
Esa película ye afayadiza pa xente de toles edaes.,Asturian
Atentamente.,Asturian
Jam pinten panjenengan tindak dhateng peken?,Javanese
Tom kerep madhang karo Mèri.,Javanese
Iki sawijining pilem paling èlèk sing tau dakdelok.,Javanese
ꦱꦸꦒꦼꦁꦮꦂꦱꦲꦺꦁꦒꦭ꧀!,Javanese
Tom mesthi nganggo topi.,Javanese
Sutra ćemo razgovarati sa njima o problemu.,Bosnian
Ovo nije knjiga za djecu.,Bosnian
"Moja je, nije njegova.",Bosnian
Ona je mlada studentkinja.,Bosnian
"Njeno je, zar ne?",Bosnian
Čindem jekh nevi matora le Tomeske.,Romany
I Mary phendas mange ke o Tom sas lako phiramno.,Romany
Kamlem te ažutiv le Tomes te kerel les.,Romany
Palikerav tuke anda čiro sigo atveto.,Romany
Ame samas ane k than.,Romany
"Tedbîranê xo sist mekerê, hema nêweşîye nêqedîyaya.",Zaza
Cezayîr tena çar saetî dûrî yo.,Zaza
Bé ma ney bé qediné.,Zaza
Tiyé cayı raşt.,Zaza
Tı zané kéyeyé Tom'î kotîdo?,Zaza
बकवास !,Nepali (individual language)
म यहाँ बेपारमा आएको।,Nepali (individual language)
त्यो मान्छे बाहुन होइन।,Nepali (individual language)
तपाइँले ठीक भन्नुभयो।,Nepali (individual language)
त्यो राम्रो छ ।,Nepali (individual language)
In tepozmācuauh yuhquin ātl monecuiloā.,Nahuatl
Tepoztōtōtl mahcoc melāhuac īpan mahtlāctli horas.,Nahuatl
Tom ya huel nahuatlatohua tlacuauh miyec quicuep totlatolpan.,Nahuatl
Nocihuātl.,Nahuatl
"Auh ōhuālmocuepqueh tlanāhuatico cah mochi in tlālli ahmō acah quipiyaya, īcēl toca ōquitztiahqueh in tetepanzoltzin calchīhualli catca.",Nahuatl
Da Tom hots gwisst.,Bavarian
Glei gib i s'da.,Bavarian
Griaß di!,Bavarian
"Gö, du wirst a wengal mehr Göd brauchn ois des?",Bavarian
I hob ma's aufgschriebm.,Bavarian
Тер өсвкәд бәәв.,Kalmyk
Чи серүн бәәнч?,Kalmyk
Хаврт дала цецгүд делгрнә.,Kalmyk
Тер окн байн көгшн күнд хәрд hарв.,Kalmyk
Чини эгч ода ю кеҗәнә?,Kalmyk
ನಾನು ನಿಮಗೆ ಆ ರಹಸ್ಯ ಸಲಹೆಯನ್ನು ತುಂಬಾ ನಿರರ್ಗಳವಾಗಿ ಧ್ವನಿಸಲು ನೀಡುತ್ತೇನೆ.,Kannada
ಮದುವೆಯಲ್ಲಿ ನಾರ್ಸಿಸಸ್ ಕೈ ಕೇಳಲು ನಾನು ಇಲ್ಲಿಗೆ ಬಂದಿದ್ದೇನೆ ಆದರೆ ಅವಳ ಹೆಸರು ನಿಮಗೆ ಹೇಗೆ ಗೊತ್ತು ಮತ್ತು ನೀವು ಯಾರು.,Kannada
ನಿಮಗೆ ನೆನಪು ಇದ್ಯಾ?,Kannada
ನಾನು ಮನೆಗೆ ಹೊರಡುತ್ತಾ ಇರಬೇಕು.,Kannada
ಆದ್ದರಿಂದ ನೀವು ಯಾರನ್ನಾದರೂ ಭೇಟಿಯಾಗುತ್ತೀರಿ ಮತ್ತು ಅದು ಹೇಗೆ ನಡೆಯುತ್ತಿದೆ?,Kannada
Lópezqa tawa wawkenkunayuq kan.,Quechua
"Runakunaka Ecuadorpi kichwata riman, icha runa kunaka Perupi quechuata riman.",Quechua
Cronoska Apolopak hatun taytami.,Quechua
Ritin.,Quechua
"Wawkeyuq kankichu, Pidru?",Quechua
Jete am iio?,Marshallese
"Jonoul, ronoul, jilnoul, enoul, lemnoul, jiljinonoul, jimjuonoul, ralitonoul, ratimjuonoul, jibukwi.",Marshallese
Ij riit.,Marshallese
Men otemjej rej ilo bein Anij.,Marshallese
Ej bwil.,Marshallese
ホㇱカヌマン　レラ　アㇱ。,Ainu (Japan)
tanto sirpirka ya?,Ainu (Japan)
numan sirpirka a p tanto sirwen.,Ainu (Japan)
"poronno icen ku-kor rusuy, korka tane icen ku-sak.",Ainu (Japan)
hioy'oy.,Ainu (Japan)
ଆନଂଦରେ।,Oriya (macrolanguage)
ଶୁଭେଚ୍ଛା,Oriya (macrolanguage)
ଘରେ ପହଂଚ।,Oriya (macrolanguage)
ମାଇକ୍ ହସନ୍ତି।,Oriya (macrolanguage)
ବଢ଼ିଆ!,Oriya (macrolanguage)
Ginsulat ya sarili ya nga ngalan.,Hiligaynon
Indi ko ini maubra tanan.,Hiligaynon
Ang pagkapirde ta subong indi isa ka butang nga malain.,Hiligaynon
Maligo ako.,Hiligaynon
Giwasak ang tibuok nga dakbanwa sa kalayo.,Hiligaynon
Go scumisià el libro.,Venetian
So' seguro de ver el nùmaro justo.,Venetian
Come ze che se stua?,Venetian
Ła zente saja ła inpara dai so nemighi.,Venetian
Come ze che gavì inparà el fransezo vualtri?,Venetian
ការ​រលាក​កម្តៅ​ថ្ងៃ​ឈឺ​ណាស់ ។,Central Khmer
ធ្វើដំណើរសុខសប្បាយ !,Central Khmer
រីករាយ​ថ្ងៃ​ខួប​កំណើត !,Central Khmer
ប្រាកដហើយ!,Central Khmer
គ្រាប់ធនជាតិ យកមកធ្វើជាម្ហូប មានប្រជាប្រិយភាពយ៉ាងខ្លាំង ។,Central Khmer
ස්තූතියි!,Sinhala
මම ඔහුට උදවු කරමි.,Sinhala
මට උණුදිය නෑමට ඇවැසි නැති.,Sinhala
මං තරුණයි.,Sinhala
මා තරුණයි.,Sinhala
"Abraham þa het Isaac beran þone wudu to þære stowe, and he self bær his sweord and fyr.",Old English (ca. 450-1100)
Stund biþ ymbe seofon. We moton to scole gangan.,Old English (ca. 450-1100)
Hēo wunaþ on Lundene.,Old English (ca. 450-1100)
Mīn nama is Ælfred. Hū fǣrst þū?,Old English (ca. 450-1100)
For hwi ne fixast þu on sæ?,Old English (ca. 450-1100)
Ou u'uba oiomimpe nhũme?,Tupí
Pe-kûá!,Tupí
'Ybotyra kunhãnema.,Tupí
Xe roryb nde marane'ỹmamo nde îebyra resé.,Tupí
Aikuab ã nhe'enga.,Tupí
Мин бааннайга баарбын.,Yakut
Эн тугу баҕараҕыный?,Yakut
Сыппытым аанньа сытан барабын.,Yakut
Эппитиҥ курдук оҥордум.,Yakut
Мантан элбэх көмүһү хостууллар.,Yakut
Ejja hawn!,Maltese
Is-surmast saqsieni jekk il-gimgħa d-diehla hux se tkun vaganza.,Maltese
Nirringrazzjawkom ħafna!,Maltese
M'iniex bħal tfajliet oħrajn.,Maltese
Boqq.,Maltese
Ko rabakau n taetae ni Kiribati?,Gilbertese
"Teuana, uoua, tenua, aua, nimaua, onoua, itua, wanua, ruaiwa, tebwina.",Gilbertese
Ko na mauri!,Gilbertese
E kanakoa te reta nakoiu.,Gilbertese
Iai am moko?,Gilbertese
"Taset ti'n magu ci, pa gi baset ti'n magu?",Welsh
Garddwr dw i,Welsh
Helpais i Tom i lenwi'r ffurflen gais.,Welsh
Mae gennyf lyfr.,Welsh
Gwena.,Welsh
Arcòrdte ch'a l'é toa colpa.,Piemontese
"I pensava d'vorèjte bin, ma antant i veul bin a n'àutr.",Piemontese
Agiut!,Piemontese
"La matemàtica pura a l'é, a soa manera, la poesia dle ideje lògiche.",Piemontese
Vogoma còsa ch'a peul dine Tom.,Piemontese
O fauni bana ndebbo.,Nigerian Fulfulde
Mi andi.,Nigerian Fulfulde
Mi anda.,Nigerian Fulfulde
Mi yidima.,Nigerian Fulfulde
Mi yida ko dume.,Nigerian Fulfulde
Dji pou rintrer?,Walloon
Boune Påke!,Walloon
"Bondjoû, tortos.",Walloon
I m' racontéve des istweres åd fwait d' l' Inde.,Walloon
Vass ti fé araedjî!,Walloon
Kalkulatoren på bordet er min.,Norwegian Nynorsk
Eg dusjar kvar kveld.,Norwegian Nynorsk
Tom sine dagar er talde.,Norwegian Nynorsk
Eg er sikker på at Tom fortalde deg det.,Norwegian Nynorsk
Born treng mykje svevn.,Norwegian Nynorsk
Сьӧд нюлэс пеймыт — адӟисез уз луы.,Udmurt
Нырысьсэ Евровидениын удмурт кылын кырӟан чузъяське!,Udmurt
Ӟеч нуналэн.,Udmurt
"Азяд чебер кадь, нош берад – эгыр.",Udmurt
"Тау, номыр ӧвӧл!",Udmurt
χίλια ευχαριστώ.,Greek
"όχι, καθόλου.",Greek
"και με αυτό μπήκε στο καροτσάκι του και χωρίς καν να αποχαιρετήσει τη μητέρα της, έφυγε με τον άγγελο καθώς ταξίδευαν το άμαξα ξαφνικά μπήκε σε μια μαγική πύλη εκεί που ταξίδεψε μέσα από μια θυελλώδη περιοχή, η άμαξα έπεσε τρομερά και ναρκίσσα.",Greek
συγγνώμη.,Greek
δεν ήταν σε θέση.,Greek
Bruuchsch en Ambulanz?,Swiss German
D'Hauptfunktion vo dä rotä Bluetkörperli isch de Suurstoffstransport.,Swiss German
I ha äs Iklemmts für dä Zmittag mitgno.,Swiss German
D'Station isch i de nöchi.,Swiss German
So isch das immer gsi.,Swiss German
Руз ишму э хэйр бу!,Judeo-Tat
Е бульбуьл нуьшдебу э сер суьмбуьл.,Judeo-Tat
Худо кумек!,Judeo-Tat
Руз ишму э хэйр бу!,Judeo-Tat
Амбар гоф мосох!,Judeo-Tat
He pai te mahi akoranga ki a koe?,Maori
Me haere au ki te whare paku.,Maori
He roa rawa te wā e whakapaua ana e Tom e whakamahi ana i te rorohiko.,Maori
"Mauria atu ai ngā tamariki e Tom ki te kura ia rā, ia rā.",Maori
Kāore a Tom i whakaaro ka pērā te whakahoki a Mary.,Maori
Ape tha'a selpōn mena'a?,Ho
Dhola añ lo'o susunme!,Ho
Nerem thaine?,Ho
Okothema?,Ho
Dhola añ lo'o.,Ho
"Malámu, mɔkɔlɔ níni tokosolola malámu, mpóo, naákokɛndɛ mbángu na mosálá.",Lingala
Nazali na mbóngo you.,Lingala
Kímyá !,Lingala
"Yɔ̌ mpɛ́, okokí koyékola falansé.",Lingala
Mwána na ngáí ya mobáli akeí lɛlɔ́.,Lingala
Ti pot håfa lao umo'otru i asaguanya yanggen ha sangan nyanyaihon dzu'. Lao diberas dimasiau lokkue ha mensionan nyaihon dzu'.,Chamorro
En gimen dididi' na hånom.,Chamorro
I na'ån hu si Tom.,Chamorro
Ni håfa kinano'ña asta ke guě' ma reskåta.,Chamorro
Gago' gue'.,Chamorro
Ким юрегинъни сынды?,Nogai
Мунда кус бар.,Nogai
Сенде ВатсАп барма?,Nogai
Сондай бизде аьдетлер!,Nogai
Ол студент тувыл.,Nogai
မလှုပ်နဲ့။,Burmese
တစ်ကယ်ကြီး။,Burmese
ကောင်းသော ညပါ။,Burmese
သူမ ရေကူးနေခဲ့တယ်။,Burmese
အချိန်ရလျှင် သွားမယ်လေ။,Burmese
"Чабакъ сувдан чыкъмас, бёдене сувгъа гирмес.",Kumyk
"Кёп сёзню азы яхшы, аз сёзню оьзю яхшы.",Kumyk
Поезд къайсы платформадан гете?,Kumyk
"Аянгда буса, ашарсан, анангда буса, аларсан.",Kumyk
Абай ургъан авуртмас.,Kumyk
Kaa.,Ojibwa
Aanii piish enjebayin?,Ojibwa
Wegnesh ezhinkaazyin?,Ojibwa
Mino gigizheb,Ojibwa
Jack ndizhinikaaz.,Ojibwa
كم مدرسة في بمدينتك؟,North Levantine Arabic
Kifak?,North Levantine Arabic
توم يفهم ما لا تفهمه.,North Levantine Arabic
Khara.,North Levantine Arabic
Marto faransawiyye.,North Levantine Arabic
Xiquijcuilo.,Central Huasteca Nahuatl
¿Taya itoca mohuehue?,Central Huasteca Nahuatl
Amo.,Central Huasteca Nahuatl
¿Taya tijchihuaj?,Central Huasteca Nahuatl
Nechpactía.,Central Huasteca Nahuatl
Ahia'kserakwé:kon rohténtion.,Mohawk
'Eh kenh then:teron ne tsatén:ro?,Mohawk
Atókwa í:satst tsi satshó:ri.,Mohawk
Tánon' ónhka ní:se'?,Mohawk
Í:'i akwawenhshón:'a thí:ken.,Mohawk
Nuthambisye ngali?,Kamba (Kenya)
Tom niwe munene waku.,Kamba (Kenya)
Mbaka nikwataa mbia.,Kamba (Kenya)
Mbaka hĩĩ nĩ yakwa.,Kamba (Kenya)
Nuthambisye ngali?,Kamba (Kenya)
મારું નામ હોપકિન્સ છે.,Gujarati
ગરીબો માટે ઉપર આભ નીચે ધરતી જ હોય છે.,Gujarati
શું બધા સરખા છે ?,Gujarati
મુંબઈ ભારતનાં મહારાષ્ટ્ર રાજ્યનું પાટનગર છે.,Gujarati
બઉ જ મોડુ,Gujarati
ເຈົ້າກິນທຸລຽນເປັນບໍ?,Lao
ລາວຕຸ້ຍໂພດ.,Lao
ຂ້ອຍບໍ່ຢາກຊື້ໝາກຖຸລຽນນັ້ນ.,Lao
ພວກເຮົາອາຍຸບໍ່ເທົ່າກັນ.,Lao
ດຽວນີ້ເຈົ້າຢູ່ໃສ?,Lao
Anam büyük tatalarıma dört eteklik tikti.,Crimean Tatar
Tiz çökip oña yalvarmağa başladı.,Crimean Tatar
"Qızım saña aytam, kelinim sen diñle.",Crimean Tatar
"Бу къарар АБД-ден (США) башлап, Япониягъа къадар ве Авропа Бирлигининъ чокъусы улькелерини къаплап алгъан дюньянынъ 83 мемлекетининъ къанунларында пекитильгендир. Бу къаиде Шималий Кореяда ишлетиле ве 2014 сенесининъ октябрь айындан башлап Русие Федерациясында да мевджут.",Crimean Tatar
Bunıñ sebebi yoq edi.,Crimean Tatar
Ki lè li fè?,Haitian
"Kijan ou di ""Mwen renmen w"" an franse?",Haitian
Yo a konprann nou.,Haitian
Ki kote w ye?,Haitian
Byen veni.,Haitian
Имрӯз вақт доред?,Tajik
Дар остонаи фардо.,Tajik
"Биёед, канӣ санҷем!",Tajik
"Дар чор соли оянда, 15 миллион евроро наҷот медиҳанд",Tajik
Агар хоҳиш дошта бошӣ.,Tajik
Tsy misy fisaorana.,Malagasy
Tsara ka!,Malagasy
Inona ny vaovao?,Malagasy
Manao ahoana ny fahasalamanao?,Malagasy
Afaka ataoko tsara ny asa!,Malagasy
L'aisciuda nes dà zeruch la speranza per l davegnì.,Ladin
Ie son vedl.,Ladin
"Chilò áste sëgn spo ince mî socrët. Al é dër scëmpl: an vëiga mâ bun cun le cör, l'essenzial ne vëigon nia cun i edli.",Ladin
Ala é jita te Franza per studié mujica.,Ladin
Ie creide a chel che el dij.,Ladin
मैरी तोहार लइकी हिअ का ?,Bhojpuri
मैरी तोहार लइकी बाड़ी का ?,Bhojpuri
उ का बाटे ?,Bhojpuri
इ किताब बहुत पातर बा।,Bhojpuri
फ्रेंच इटली के कुछ हिस्सन में अउर फ्रांस में बोलल जाले।,Bhojpuri
"Ngana tau bahasa Prancis, io to?",North Moluccan Malay
Bunu lampu ka.,North Moluccan Malay
Kita minta maaf e barang tara bisa bantu ngana kong.,North Moluccan Malay
Bajao!,North Moluccan Malay
Ngana basambunyi di pohong pe balakang.,North Moluccan Malay
उ सुन्नर रहा।,Awadhi
टाम खुस रहा।,Awadhi
मेरी सुन्नर ह।,Awadhi
मइँ गाभीन अहउँ।,Awadhi
ओकायामा बड़ा सहर ह का?,Awadhi
అది నిజంగా అంత చెడ్డదా ?,Telugu
ఈ పెన్సిళ్లు ఒకే రంగులో ఉన్నాయి,Telugu
ఎక్కడ నొప్పి పుడుతుందో నాకు చూపించు,Telugu
నేను నువ్వైతే ఈరోజు అక్కడికి వెళ్ళను,Telugu
ఎమిటీ! ఇది నిజమా?,Telugu
Are ye i Berlyn?,Middle English (1100-1500)
The king withseide.,Middle English (1100-1500)
Thou askedest me.,Middle English (1100-1500)
"Oure fadir that art in hevenes, halewid be thi name; thi kyngdoom come to; be thi wille don, in erthe as in hevene. Ȝyve to us this dai oure breed over othir substaunce, and forȝyve to us oure dettis, as we forȝyven to oure dettouris; and lede us not in to temptacioun, but delyvere vs fro yvel. Amen.",Middle English (1100-1500)
"Folk schal no more reise swerd ayens folk, and thei schulen no more be exercisid to batel.",Middle English (1100-1500)
Пцӏы сыусыщтэп.,Adyghe
Тэ тинэхэмкӏэ теплъы.,Adyghe
Уипчыхьэ шӏу.,Adyghe
Умыгуаӏ!,Adyghe
Джы тыкъеблэгъэнэп.,Adyghe
(relationAllInstance sellsProductType ConvenienceStore CandyBar),CycL
(organizationHead CityCouncilOfAustin LeeLeffingwell),CycL
"(thereExists ?PERSON1 (thereExists ?PERSON2 (and (nameStrings ?PERSON1 ""Philip"") (nameStrings ?PERSON2 ""Tom"") (relatives ?PERSON1 ?PERSON2))))",CycL
(mostNotableIsa Batman Superhero),CycL
(oppositeCollections WakingUpFromSleep GoingToSleep),CycL
Buena tardi.,Aragonese
Charra aragonés?,Aragonese
Ves-te-ne.,Aragonese
Que vaiga bueno.,Aragonese
Aón vas?,Aragonese
Goas don fas boađát?,Northern Sami
Mii lea du telefonnummir?,Northern Sami
Mun in ipmir maid son dadjá.,Northern Sami
Sávan veajuid!,Northern Sami
Don muittášedjet Toma.,Northern Sami
Fakamolemole la.,Niuean
Mua kia!,Niuean
Monuina e pogipogi.,Niuean
Ko e heigoa a na?,Niuean
Ko hai e higoa haau?,Niuean
ཁོང་སྲིད་འཛིན་སྒོ་འབྱེད་བྱེད་སོང་།,Tibetan
ཏོམ་པགས་པ་ནག་པོ་འདུག།,Tibetan
ང་ལ་སུ་ཅིག་རོགས་པ་བྱད་མ་སོང་།,Tibetan
ཁྱེད་རང་ཨུ་སུའི་སྟོད་ཐུང་འདི་གྱོན་ཆས་རན་མིན་ལྟ་རོགས་གནང་།,Tibetan
སྔ་དྲོ་བདེ་ལེགས,Tibetan
Twaje kugusura.,Kinyarwanda
Murakoze!,Kinyarwanda
"Wigira isoni, nganiriza.",Kinyarwanda
Ntabwo nanga ishuri.,Kinyarwanda
Aba bakobwa bose beza uko ari batatu ni bishwa banjye.,Kinyarwanda
Bịa!,Igbo
I tinyere ihe na-asa efere ka obido.,Igbo
I na-akwado Iga ebe ahu?,Igbo
I wepuru ahihia ahu?,Igbo
Tom Kedu.,Igbo
E ʻai lohi ana ke kanaka nui i ka niu liʻiliʻi.,Hawaiian
E ʻai ana ke kanaka nui i ka niu liʻiliʻi.,Hawaiian
Aloha ahiahi.,Hawaiian
Poni ka pua liʻiliʻi.,Hawaiian
Kauka lāua.,Hawaiian
"Ego, mibo orch.",Sindarin
Im maer.,Sindarin
Lasto!,Sindarin
Im ú-ngorth.,Sindarin
I amar bain.,Sindarin
Yu wasim ol fut bilong yu.,Tok Pisin
Yu papa bilong mi.,Tok Pisin
Ol pikinini bilong mi em i stap long skul.,Tok Pisin
Mi no gat kar.,Tok Pisin
Ol pusi i no kaikai banana.,Tok Pisin
इदानीं उपविशन्तु।,Sanskrit
न जानामि को रोगस्त्वयि वर्तते।,Sanskrit
तस्मात् पुर्वमेव नागच्छम्।,Sanskrit
स्वदेहे चेल्लिखितवान्वचनमनवगम्यं तेनाप्यचिन्तिते फल उपलब्धे किं कर्तव्यम् ?,Sanskrit
रात्रौ निद्रा सम्यक् आसीत्।,Sanskrit
Ingerlalluarit!,Kalaallisut
Utoqqatserpunga.,Kalaallisut
Nerisassat allassimaffiat qaalaaruk.,Kalaallisut
Ambassademi sulivunga.,Kalaallisut
Tass soqutigiunnaapajaareerpara.,Kalaallisut
Mminô o utlwala o sa le kgakala.,Tswana
O tlhatswitse metsetô yotlhe.,Tswana
O dira eng gompieno?,Tswana
"Nna le letsatsi le le monate, wetsho.",Tswana
O se ka wa usa digalase tseo.,Tswana
Tlenon ticpia?,Guerrero Nahuatl
Quezqui tlajtojli titlajtohua?,Guerrero Nahuatl
Tejua tichanti huejca.,Guerrero Nahuatl
Motechmonequi matitlami yejuin tequitl ipan ce semanajli.,Guerrero Nahuatl
Ticpia ce amoxtli tiamoxpohuaz?,Guerrero Nahuatl
Cul-lé l'é nōv.,Emilian
M'n in frèiga gnînto.,Emilian
Tom l'é ûn cun la pèla cûrta.,Emilian
Stà bòun.,Emilian
Csa sucèd?,Emilian
"Meɖe kuku, ateŋu ayɔm fie sia?",Ewe
Ŋdi!,Ewe
Tɔm lɔa hadzidzi.,Ewe
Dzukplɔla la le nuƒoge le dzidziƒenukpɔmɔ dzi fie sia.,Ewe
Tom ƒe ze ye nye esi.,Ewe
I ka kɛnɛ?,Bambara
I ni cɛ!,Bambara
Aw bisimila!,Bambara
Nɛnɛ bɛ.,Bambara
I tɔgɔ bɛ di?,Bambara
K̓winc ke 7swucwt?,Shuswap
K̓winc ke stsmémeltemp re swucwts?,Shuswap
Kectéke re Tom t̓e swelmín̓k.,Shuswap
"Wéytk, Bill. Cwelcwélt-en-k?",Shuswap
Ta7 ey k stsketskítscs.,Shuswap
Die Bicher liege auf dem Disch.,Pennsylvania German
Was Zeit iss es?,Pennsylvania German
Ich schwetz keen Englisch.,Pennsylvania German
Des is mein Broodah.,Pennsylvania German
"Wie bischt du? ""Ich bin gut, danke.""",Pennsylvania German
Ka samu kyakkyawan doki.,Hausa
Rediyo bata yi bayani akan hatsarin ba.,Hausa
Kyamarata ta bata kwanan baya.,Hausa
Wannan shine hakikanin abin da muke bukata.,Hausa
Ina kwana,Hausa
"This is wur room in the hotel, it's a rare big room.",Scots
Jock bocht twa new pair o' shin.,Scots
We hid a plate fu' o' neeps an tatties.,Scots
Whit did ye say?,Scots
Ah dinnae like this.,Scots
"Tasi, lua, tolu, fā, lima, ono, fitu, valu, iva, sefulu.",Samoan
Talofa lava!,Samoan
O lea?,Samoan
E fia le tau?,Samoan
E mafai ona ou fesoasoani ia 'oe?,Samoan
Munang ua fuma mas agora banoi.,Mambae
Au sempre hael la pada tuk lim.,Mambae
"Kuando o koleen, kola bue bell? ""Tan la au la bue agora au hi ble sedo dlo.""",Mambae
"Obrigadu, pei iduas.",Mambae
"Au hi tenta tnaer id heu, obrigadu.",Mambae
/ʔeˈkaʔ ʔɛˈmɛh niʔ caŋ/,Ngeq
/hɛː juːʔ talaːt/,Ngeq
/maj ʔeˈkaʔ ʔɛˈmɛh ŋɔɔjʔ daaʔ/,Ngeq
/maj ʔat ʔai muː/,Ngeq
/ʔeˈkaʔ ʔɛˈmɛh niʔ caŋ/,Ngeq
Ñaari téeméer.,Wolof
Fukkélu fane ak ñaar si wéér bii di ñeuw.,Wolof
Sant !,Wolof
Ban dekka nga faxeeku?,Wolof
Ñettéél.,Wolof
"Ave Maria grasa barak liu iha ita boot, Maromak ho ita boot. Ita boot diak liu feto hot-hotu ita boot nia oan Jesus diak liu. Santa Maria Maromak nia Inan, harohan ba Nai Maromak tamba ami nia sala, oras ne'e no oras nebe ami ata besik atu mate. Amen.",Tetum
Obrigada.,Tetum
Di'ak ka lae?,Tetum
Ha'u' komprende.,Tetum
Ha'u iha busa rua.,Tetum
Ká ne tajtzin Bush.,Pipil
"Yewa, nikwaj et iwan tajtamal.",Pipil
Tom kipia yey tzunti amat.,Pipil
Nemituya se yektzin siwat iwan tiltik itzunkal tik ne awilpan.,Pipil
Nikwajkwalua.,Pipil
Nou sizé anfas.,Middle French (ca. 1400-1600)
Elle ne soupe point.,Middle French (ca. 1400-1600)
Avwé sa ou fè !,Middle French (ca. 1400-1600)
"Frères humains qui après nous vivez, N'avez les cuers contre nous endurcis.",Middle French (ca. 1400-1600)
An ka chèché on boutik a flè.,Middle French (ca. 1400-1600)
עברי קדום אנוכי.,Ancient Hebrew
וַיֵּצֵא בַּיּוֹם הַשֵּׁנִי וְהִנֵּה שְׁנֵי־אֲנָשִׁים עִבְרִים נִצִּים וַיֹּאמֶר לָרָשָׁע לָמָּה תַכֶּה רֵעֶךָ׃,Ancient Hebrew
"יֵשׁ דָּבָר שֶׁיֹּאמַר רְאֵה-זֶה, חָדָשׁ הוּא: כְּבָר הָיָה לְעֹלָמִים, אֲשֶׁר הָיָה מִלְּפָנֵנוּ.",Ancient Hebrew
"וְנָתַתִּי אֶת-לִבִּי, לִדְרוֹשׁ וְלָתוּר בַּחָכְמָה, עַל כָּל-אֲשֶׁר נַעֲשָׂה, תַּחַת הַשָּׁמָיִם; הוּא עִנְיַן רָע, נָתַן אֱלֹקים לִבְנֵי הָאָדָם--לַעֲנוֹת בּוֹ.",Ancient Hebrew
יבוא המלך,Ancient Hebrew
Ndichamugochera nyama.,Shona
Ndichamugadzirira dovi.,Shona
Tinosona ngetsono.,Shona
Havagoni kusanda.,Shona
Tinobika ngemugoti.,Shona
Тӹдым ужмемым пишок яжон ӓшындарем.,Western Mari
Ик предатель ӓтямын партизанский отрядышты ылмыжы гишан йӓвен.,Western Mari
Юмо – тиде пӱртӱс лиеш. Пӱртӱс ваштареш ида кай!,Western Mari
Йӓлын цӹвыжат комбы.,Western Mari
А мондет гӹнь?,Western Mari
आंनि आयआ गांजेमा हमनो थांदोंमोन।,Bodo (India)
थाब फै।,Bodo (India)
थेदै नायनि फै।,Bodo (India)
आंनि आयआ गांजेमा हमनो थांदोंमोन।,Bodo (India)
Ma kalamdwng?,Bodo (India)
Tóó hooghanjigo dah diish’na’.,Navajo
Shimá naat'áaniinééz góó déyá.,Navajo
Yáʼátʼééh abiní shimá.,Navajo
Díí naaltsoos éí ni.,Navajo
Wááshindoongóó déyá.,Navajo
Ēḑõgid mōzõ.,Liv
Vȯndzist Ūdāigastõ!,Liv
Mēg ūomõ īd vannit.,Liv
Tēg tuļtõ āigastis.,Liv
Kui tēg tūndõt ēntšta?,Liv
"Zoccu mi dici dici, nun è veru mai.",Sicilian
Megghiu picca chianciri ca assai trivuliari.,Sicilian
Mi piaciunu assai i ricordi dû passatu.,Sicilian
L'ha criatu la natura pi li cori nnamurati.,Sicilian
"La natura criau stu silenziu, sta virdura, sti muntagni e sti vallati.",Sicilian
Ma haysaa?,Somali
Mennad ayaa caawiyay hooyadiis.,Somali
Waxaa jira warar xan ah oo sheegaya in xagjiriintu ay maleegayaan shirqool ka dhan ah dowladda.,Somali
Horey ayaan ula hadlay iyada.,Somali
Markab ayaa ku degay meel u dhow halkan shalay.,Somali
ᎦᎵᎡᎵᎦ ᏥᎬᎪᏩᏘᎭ.,Cherokee
ᎧᏅᏑᏢ ᏩᏯ ᎠᎨᏴ.,Cherokee
ᎩᎵᏏ ᏥᏬᏂᎭ.,Cherokee
ᎩᎵᏏ ᎯᏬᏂ ᏍᎩ?,Cherokee
ᏥᎪᏘ ᎤᏁᎦ ᎤᎵᏑᏫᏒ ᏢᏓᏥ.,Cherokee
Шачема шить мархта!,Moksha
Бурдж-Халифа тяни сембода оцю менелькъргама.,Moksha
Кендалхнень аш пейхть.,Moksha
Бурдж-Халифа тяни сембода оцю менелькъргама.,Moksha
Бурдж-Халифа тяни сембода оцю менелькъргама.,Moksha
ʻOku ou kai.,Tonga (Tonga Islands)
'Oku ke sai'ia 'i niu vai?,Tonga (Tonga Islands)
'Oku ou mahino.,Tonga (Tonga Islands)
Fiefia ke fetaulaki mo koe.,Tonga (Tonga Islands)
Mālō ‘aupito!,Tonga (Tonga Islands)
Da laachs de dich kapott.,Kölsch
Et kütt wie et kütt.,Kölsch
"Dää Daachstohl es nit wie söns us Holz jemaat, sondern us Ieser. Dodrin han se elf Jlocke opjehange. Wann die all lügge, hürt mer dat noch bes wigg op de Schäl Sick. Dää dikke Pitter es de jrößte Jlock vun de Welt, die frei am Schwinge es. 1923 wood se jejosse, hät ene Durchmesser vun jood 3,2 m un wooch 24 Tunne. Se weed nor jelügg et ovends vör huh Kirchefeste.",Kölsch
"Wat jitt dat, wenn et fädich es?",Kölsch
Letzte Woch hät mich ming Fründin besook.,Kölsch
میں اِس دا عادی نہیں ہاں۔,Western Panjabi
میں سکول جانا نہیں چاہندا ہاں۔,Western Panjabi
تہاڈا کیہ ناں اے؟,Western Panjabi
چلو کچھ کریئے۔,Western Panjabi
میں جلدی واپس آوانگی۔,Western Panjabi
Sekime tlamantli amo kualtis moyektlalis.,Orizaba Nahuatl
San inon tlen neh nikchiwa nikan.,Orizaba Nahuatl
Tom kualtis kualtlapowas Francés yompa ipampa yeh omomachti eyi xiwitl.,Orizaba Nahuatl
¿Teh timawiltitok futbol noso rugby?,Orizaba Nahuatl
Nochtin monekiskia kualtiskeh tlapowaskeh intlayehyekol.,Orizaba Nahuatl
Мен оқыўшы емеспен.,Kara-Kalpak
Qi'zi'mdi' ko'rdin' be?,Kara-Kalpak
Oqıtıwshı emespen.,Kara-Kalpak
Мен оқыўшы емеспен.,Kara-Kalpak
Qi'zi'mdi' ko'rdin'iz be?,Kara-Kalpak
Gh'ho nota.,Lombard
Gh'è mia rason da véec pagüra.,Lombard
Mé g'hoo cold.,Lombard
"Vun, duu, trii, quatter, cinqu, ses, sett, vott, noeuv, des.",Lombard
Té ta seet fort.,Lombard
"Chi chaunta da sted, lavura d'inviern.",Romansh
Tuots umans naschan libers ed eguals in dignità e drets. Els sun dotats cun intellet e conscienza e dessan agir tanter per in uin spiert da fraternità.,Romansh
Ün sto fer la via lungia per spargner temp.,Romansh
Betg mintgin sa esser in artist.,Romansh
"Nua abitais Vus? ""Jau abitesch a Tokyo.""",Romansh
Kitnaa daam hai?,Fiji Hindi
Dhanbaad!,Fiji Hindi
Hamaar naam Luis hai.,Fiji Hindi
Bar kahaan hai?,Fiji Hindi
"Ek, dui, tin, chaar, paanch, chhe, saat, aath, nau, das.",Fiji Hindi
Vel oo toiggal?,Manx
Slane dhis!,Manx
Shegin dooin goll ec jerrey y vee.,Manx
Shegin da goll dys yn ‘eeackleyr jiu.,Manx
Cre voish t'ou?,Manx
La masokisi awakho.,Zulu
Ngizogqoka ijini.,Zulu
Ninjani?,Zulu
Ngiyagoduka.,Zulu
Ngiyakuzonda.,Zulu
Вә нянли.,Dungan
Вә бущихуан кафый.,Dungan
Вә җы ни җы вә җы.,Dungan
Та бу хун.,Dungan
Вә чў гунүан.,Dungan
А мезень кис.,Erzya
Совадо!,Erzya
Черепахатнень пеест арасть.,Erzya
Том снартнесь кортамс мартот?,Erzya
Саминь мельс а туить ёзнэть.,Erzya
啊丹啊心唔好意。,Hakka Chinese
这黏阿丹安会变成大学生。,Hakka Chinese
涯去了在面包档。,Hakka Chinese
猴哥爬上树木。,Hakka Chinese
𠊎以为酱好唔讲么个。,Hakka Chinese
Gördünüz mü kızımı?,Gagauz
Bän yașêêrım Türkiyedä.,Gagauz
Sizdä var mı zeedä para?,Gagauz
Esaplamam dooruydu.,Gagauz
Gördün mü kızımı?,Gagauz
هاي فلوسي,Mesopotamian Arabic
فكرنا انه طبيعي لازم يتعاقب.,Mesopotamian Arabic
what are you,Mesopotamian Arabic
دتنكت مو!؟,Mesopotamian Arabic
شسوي برسالتهة؟,Mesopotamian Arabic
Мин ӱгренӌі нимеспін.,Khakas
Ол чіпче.,Khakas
Син чіпчезін.,Khakas
"Öкiстерге ööрлiг пол, чалғыстарға чағлығ пол.",Khakas
Олар чіпчелер.,Khakas
Ak chad er a Sina.,Palauan
Ng diak!,Palauan
A Burj Khalifa a kot el metongakl el blai ra beluulechad.,Palauan
Ng tela a dengua er kau?,Palauan
Chochoi.,Palauan
Ndanda.,Umbundu
Ukombe weya.,Umbundu
Ekumbi liwa.,Umbundu
Twecele!,Umbundu
Wakolapo?,Umbundu
တင္ဂုဏ္ရ က ေပါတ္ ကု္ တဲ ေကာန္ အဲ ဂွ္။,Mon
အဲ အာ ဘာ မ ဂြံ ဗ ေတာန္ လိက္ ရ။,Mon
ဂြံဆုၤ ္ဗုီဏအ္ဂွ္ မိပ္ေကြံေကြံရ။ မံင္စမိပ္မံင္ရဟာ။,Mon
အဲ အာ ဘာ မ ဂြံ ဗ ေတာန္ လိက္ ရ။,Mon
အဲ အာ ဘာ မ ဂြံ ဗ ေတာန္ လိက္ ရ။,Mon
Jaangol waɗii.,Pulaar
Henndu no waɗii.,Pulaar
No jaangini.,Pulaar
Henndu no waɗii.,Pulaar
Henndu no waɗii.,Pulaar
Ооң ады кымыл?,Tuvinian
Хар эриир.,Tuvinian
Том хөй амы-тын алган.,Tuvinian
Школага баарын күзевес мен.,Tuvinian
Мен эки эвес тур мен.,Tuvinian
"ართ, ჟურ, სუმ, ოთხო, ხუთ, ანში, შქვით, ოვრო, ჩხორო, ვიტ.",Laz
ქორბა მაწუნენ.,Laz
სი მუჭო რე?,Laz
მა ლაზი ვორე.,Laz
Sum ťeyare miğuran.,Laz
kò sí wahála.,Yoruba
Mo lọ sí odò.,Yoruba
Ẹṣin yìí kìí ṣe funfun.,Yoruba
"Èmi yóò dìde nísinsin yìí, èmi yóò sì rìn lọ káàkiri ìlú, ní àwọn òpópónà àti ní àwọn gbangba òde; Èmi yóò wá ẹni tí ọkàn mi fẹ́.",Yoruba
Kaabo padà sí ilé,Yoruba
Ek em.,Old Norse
Logi var stærri ok sterkari en nokkurr annarr í því landi.,Old Norse
Hundrinn deyr.,Old Norse
"Guð minn, guð minn, hví fyrlætr þú mik?",Old Norse
Ek vinn.,Old Norse
די לחכימא ברמיזא.,Old Aramaic (up to 700 BCE)
וּקְרָא אַבְרָהָם יָת שׁוּם בְּרֵיהּ דְּאִתְיְלִיד לֵיהּ דִּילִידַת לֵיהּ שָׂרָה יִצְחָק:,Old Aramaic (up to 700 BCE)
וְנֹחַ אַשְׁכַּח רַחֲמִין קֳדָם יְיָ:,Old Aramaic (up to 700 BCE)
וַהֲוָה טוֹפָנָא אַרְבְּעִין יוֹמִין עַל אַרְעָא וּסְגִיאוּ מַיָּא וּנְטָלוּ יָת תֵּבוֹתָא וְאִתָּרָמַת מֵעַל אַרְעָא:,Old Aramaic (up to 700 BCE)
ܪܚܡܢܐ ܠܝܨܠܢ,Old Aramaic (up to 700 BCE)
تنهنجو نالو ڇا آهي؟,Sindhi
آپ سے مل کے بہت خوشی ہوئی.,Sindhi
تون ڪٿي رهندي آهين؟,Sindhi
آپ سے مل کے بہت خوشی ہوئی.,Sindhi
آپ سے مل کے بہت خوشی ہوئی.,Sindhi
Иуфазеи?,Abkhazian
Сара Лори сыхьӡуп.,Abkhazian
Сара сцоит.,Abkhazian
Сара ашә сфоит.,Abkhazian
Ашыкс чыц удысных ялойт!,Abkhazian
Ali munyumba muno.,Nyanja
Usiku wabwino!,Nyanja
Muli ndi zaka zingati?,Nyanja
Burj Khalifa ndi nyumba yaitali yosanjikizana padziko lonse lapansi.,Nyanja
Ali munyumba muno.,Nyanja
Nzàrà à sârà mbï !,Sango
Balaô!,Sango
Ïrï tî mbï Tom.,Sango
Nzàrà à sârà mbï !,Sango
Singîla !,Sango
"Ütś, katś, kolm, nelli, viiś, kuuś, säidse, katõsa, ütesä, kümme.",Võro
Kon ti elät?,Võro
Ma olõ mehhiklanõ.,Võro
"Sotsioloogia om tiidüs, miä uur ütiskunda.",Võro
Kikas om esäne kana.,Võro
Bona Die Internatzionale de sas Feminas!,Sardinian
Bene bènnidas a Tatoeba!,Sardinian
Bene bènnidu a Tatoeba!,Sardinian
Benènnida a Tatoeba!,Sardinian
Bona Die Internatzionale de sas Feminas!,Sardinian
"Хӏан-хӏа, суна английн мотт ца хаа.",Chechen
1. Нажи-бутт 2. Мархи-бутт 3. Биэкарг-бутт 4. Тушоли-бутт 5. Сели-бутт 6. Мангал-бутт 7. Мятсел-бутт 8. Эгиш-бутт 9. Тав-бутт 10. Ардар-бутт 11. Эрх-бутт 12. Огой-бутт,Chechen
Мас шо ду хьан?,Chechen
Суьйре дика йойла!,Chechen
Сан шиъ цициг ду.,Chechen
E i te faleha te faifeau.,Tokelau
Fakafetai.,Tokelau
"Malo ni, ea mai koe?",Tokelau
Te malie o te meakai.,Tokelau
E i te faleha te faifeau.,Tokelau
